Drips Bakery and Cakes,https://www.zomato.com/manipal/barista-eshwar-nagar
Drips Bakery and Cakes,https://www.zomato.com/manipal/dominos-pizza-vidyaratna-nagar
Drips Bakery and Cakes,https://www.zomato.com/manipal/pizza-hut-1-vidyaratna-nagar
Drips Bakery and Cakes,https://www.zomato.com/manipal/kediyoor-confectionery-kidiyoor-udupi
McDonald's,https://www.zomato.com/manipal/hotel-thaamboolam-kinnimulki
7th Heaven - A Slice of Happiness,https://www.zomato.com/manipal/the-belgian-waffle-co-tiger-circle
7th Heaven - A Slice of Happiness,https://www.zomato.com/manipal/cupcake-bliss-cakes-desserts-kunjibettu-udupi
Domino's Pizza,https://www.zomato.com/manipal/pizza-hut-1-vidyaratna-nagar
Domino's Pizza,https://www.zomato.com/manipal/dolphin-lunch-home-maruthi-veethika
Cloud Nine,https://www.zomato.com/manipal/kathi-junction-tiger-circle
Cloud Nine,https://www.zomato.com/manipal/a-cafe-story-vidyaratna-nagar
Hadiqa,https://www.zomato.com/manipal/mcdonalds-eshwar-nagar
Hadiqa,https://www.zomato.com/manipal/barista-eshwar-nagar
Hadiqa,https://www.zomato.com/manipal/bacchus-inn-vidyaratna-nagar
Hadiqa,https://www.zomato.com/manipal/dominos-pizza-vidyaratna-nagar
Hadiqa,https://www.zomato.com/manipal/pizza-hut-1-vidyaratna-nagar
Foodezze Cafe Grills And Subs,https://www.zomato.com/manipal/dominos-pizza-vidyaratna-nagar
Foodezze Cafe Grills And Subs,https://www.zomato.com/manipal/pizza-hut-eshwar-nagar
Foodezze Cafe Grills And Subs,https://www.zomato.com/manipal/kaati-zone-rolls-and-wraps-kunjibettu-udupi
Arabian Tasty,https://www.zomato.com/manipal/kathi-junction-tiger-circle
Arabian Tasty,https://www.zomato.com/manipal/manipal-express-1-eshwar-nagar
Mehak E Punjab,https://www.zomato.com/manipal/cloud-nine-vidyaratna-nagar
Subway,https://www.zomato.com/manipal/the-belgian-waffle-co-tiger-circle
Subway,https://www.zomato.com/manipal/indiana-burgers-kunjibettu-udupi
Dollops,https://www.zomato.com/manipal/dominos-pizza-vidyaratna-nagar
Dollops,https://www.zomato.com/manipal/country-inn-mosaic-vidyaratna-nagar
Dollops,https://www.zomato.com/manipal/food-chemist-1-vidyaratna-nagar
Madhuvan Veg,https://www.zomato.com/manipal/dominos-pizza-vidyaratna-nagar
Madhuvan Veg,https://www.zomato.com/manipal/pizza-hut-1-vidyaratna-nagar
Madhuvan Veg,https://www.zomato.com/manipal/udupi-sweet-house-udupi-darshini-maruthi-veethika-udupi
Cafe Boda Sheera,https://www.zomato.com/manipal/cloud-nine-vidyaratna-nagar
G2 Ginger Garlic,https://www.zomato.com/manipal/cloud-nine-vidyaratna-nagar
Hot 'n' Spicy,https://www.zomato.com/manipal/kathi-junction-tiger-circle
Hot 'n' Spicy,https://www.zomato.com/manipal/manipal-express-1-eshwar-nagar
Manna Rolls,https://www.zomato.com/manipal/dominos-pizza-vidyaratna-nagar
Manna Rolls,https://www.zomato.com/manipal/pizza-hut-1-vidyaratna-nagar
Manna Rolls,https://www.zomato.com/manipal/kaati-zone-rolls-and-wraps-kunjibettu-udupi
Pai Tiffins,https://www.zomato.com/manipal/dominos-pizza-vidyaratna-nagar
Pai Tiffins,https://www.zomato.com/manipal/manna-rolls-vidyaratna-nagar
KFC,https://www.zomato.com/manipal/mcdonalds-eshwar-nagar
KFC,https://www.zomato.com/manipal/coast-asia-eshwar-nagar
Food Chemist,https://www.zomato.com/manipal/dominos-pizza-vidyaratna-nagar
Food Chemist,https://www.zomato.com/manipal/madhuvan-veg-eshwar-nagar
Shawarma Broast,https://www.zomato.com/manipal/dominos-pizza-vidyaratna-nagar
Shawarma Broast,https://www.zomato.com/manipal/pizza-hut-1-vidyaratna-nagar
Shawarma Broast,https://www.zomato.com/manipal/friendly-fried-chicken-kunjibettu-udupi
Snack Shack,https://www.zomato.com/manipal/kathi-junction-tiger-circle
Snack Shack,https://www.zomato.com/manipal/cloud-nine-vidyaratna-nagar
Manipal Express,https://www.zomato.com/manipal/kathi-junction-tiger-circle
Manipal Express,https://www.zomato.com/manipal/arabian-tasty-tiger-circle
Pizza Hut,https://www.zomato.com/manipal/summer-park-deluxe-a-c-non-a-c-family-restaurant-maruthi-veethika
Polar Bear,https://www.zomato.com/manipal/baskin-robbins-vidyaratna-nagar
Polar Bear,https://www.zomato.com/manipal/scoop-n-bake-doddanagudde-udupi
Polar Bear,https://www.zomato.com/manipal/kwality-walls-frozen-dessert-and-ice-cream-shop-1-kunjibettu-udupi
New Tiwari Chat,https://www.zomato.com/manipal/dominos-pizza-vidyaratna-nagar
New Tiwari Chat,https://www.zomato.com/manipal/pizza-hut-eshwar-nagar
New Tiwari Chat,https://www.zomato.com/manipal/five-star-chicken-eshwar-nagar
Crave Desserts,https://www.zomato.com/manipal/barista-eshwar-nagar
Crave Desserts,https://www.zomato.com/manipal/dominos-pizza-vidyaratna-nagar
Crave Desserts,https://www.zomato.com/manipal/drips-bakery-and-cakes-vidyaratna-nagar
UTSAAV - Om Sweets and Savouries,https://www.zomato.com/manipal/summer-park-deluxe-a-c-non-a-c-family-restaurant-maruthi-veethika
UTSAAV - Om Sweets and Savouries,https://www.zomato.com/manipal/pizza-hut-eshwar-nagar
Friendly Fried Chicken,https://www.zomato.com/manipal/arabian-knights-vidyaratna-nagar
Teapot Cafe,https://www.zomato.com/manipal/la-rochelle-vidyaratna-nagar
The Belgian Waffle Co.,https://www.zomato.com/manipal/subway-eshwar-nagar
Bacchus Inn,https://www.zomato.com/manipal/barista-eshwar-nagar
Bacchus Inn,https://www.zomato.com/manipal/barbeque-nation-vidyaratna-nagar
Bacchus Inn,https://www.zomato.com/manipal/dominos-pizza-vidyaratna-nagar
Bacchus Inn,https://www.zomato.com/manipal/pizza-hut-1-vidyaratna-nagar
Bacchus Inn,https://www.zomato.com/manipal/country-inn-mosaic-vidyaratna-nagar
Zebra Spot Restaurant,https://www.zomato.com/manipal/dishes-family-restaurant-vidyaratna-nagar
Zebra Spot Restaurant,https://www.zomato.com/manipal/kathi-junction-tiger-circle
Natural Ice Cream,https://www.zomato.com/manipal/kediyoors-pizza-kidiyoor-udupi
Natural Ice Cream,https://www.zomato.com/manipal/kwality-walls-frozen-dessert-and-ice-cream-shop-1-kunjibettu-udupi
Red Kitchen,https://www.zomato.com/manipal/kathi-junction-tiger-circle
Red Kitchen,https://www.zomato.com/manipal/hot-n-spicy-vidyaratna-nagar
Anupam Restaurant,https://www.zomato.com/manipal/northy-mess-1-eshwar-nagar
A Cafe Story,https://www.zomato.com/manipal/cloud-nine-vidyaratna-nagar
WarmOven Cake,https://www.zomato.com/manipal/baskin-robbins-vidyaratna-nagar
WarmOven Cake,https://www.zomato.com/manipal/polar-bear-1-vidyaratna-nagar
WarmOven Cake,https://www.zomato.com/manipal/kwality-walls-frozen-dessert-and-ice-cream-shop-1-kunjibettu-udupi
Kathi Junction,https://www.zomato.com/manipal/chef-food-court-saralebettu
Indiana Burgers,https://www.zomato.com/manipal/subway-eshwar-nagar
Indiana Burgers,https://www.zomato.com/manipal/the-belgian-waffle-co-tiger-circle
Country Inn - Mosaic,https://www.zomato.com/manipal/fullfills-shivalli
Burger It Up,https://www.zomato.com/manipal/barista-eshwar-nagar
Burger It Up,https://www.zomato.com/manipal/dominos-pizza-vidyaratna-nagar
Burger It Up,https://www.zomato.com/manipal/pizza-hut-eshwar-nagar
Burger It Up,https://www.zomato.com/manipal/kouzina-kafe-the-food-court-kunjibettu-udupi
Udupi Sweet House,https://www.zomato.com/manipal/barista-eshwar-nagar
Udupi Sweet House,https://www.zomato.com/manipal/dominos-pizza-vidyaratna-nagar
Udupi Sweet House,https://www.zomato.com/manipal/madhuvan-veg-eshwar-nagar
Udupi Sweet House,https://www.zomato.com/manipal/pizza-hut-eshwar-nagar
UBQ By Barbeque Nation,https://www.zomato.com/manipal/kathi-junction-tiger-circle
UBQ By Barbeque Nation,https://www.zomato.com/manipal/spice-n-ice-vidyaratna-nagar
Odeya Restaurant,https://www.zomato.com/manipal/bamboo-chef-restaurant-kinnimulki-udupi
Vito's Pizzeria,https://www.zomato.com/manipal/la-rochelle-vidyaratna-nagar
Kediyoor's Pizza,https://www.zomato.com/manipal/mcdonalds-eshwar-nagar
Kediyoor's Pizza,https://www.zomato.com/manipal/baskin-robbins-vidyaratna-nagar
Kediyoor's Pizza,https://www.zomato.com/manipal/scoop-n-bake-doddanagudde-udupi
Kediyoor's Pizza,https://www.zomato.com/manipal/shivanna-donne-biryani-brahmagiri-udupi
Kediyoor's Pizza,https://www.zomato.com/manipal/kwality-walls-frozen-dessert-and-ice-cream-shop-1-kunjibettu-udupi
Kaati Zone Rolls And Wraps,https://www.zomato.com/manipal/dominos-pizza-vidyaratna-nagar
Kaati Zone Rolls And Wraps,https://www.zomato.com/manipal/manna-rolls-vidyaratna-nagar
Kaati Zone Rolls And Wraps,https://www.zomato.com/manipal/pizza-hut-eshwar-nagar
Cupcake Bliss Cakes,https://www.zomato.com/manipal/the-belgian-waffle-co-tiger-circle
Cupcake Bliss Cakes,https://www.zomato.com/manipal/dolce-desserts-tiger-circle
Cupcake Bliss Cakes,https://www.zomato.com/manipal/7th-heaven-a-slice-of-happiness-maruthi-veethika-udupi
Cupcake Bliss Cakes,https://www.zomato.com/manipal/dominos-pizza-kunjibettu-udupi
Arabian Knights,https://www.zomato.com/manipal/ruchitha-restaurant-1-eshwar-nagar
Spice 'n' Ice,https://www.zomato.com/manipal/kathi-junction-tiger-circle
Spice 'n' Ice,https://www.zomato.com/manipal/ubq-by-barbeque-nation-vidyaratna-nagar
Hakuna Matata,https://www.zomato.com/manipal/country-inn-mosaic-vidyaratna-nagar
Hakuna Matata,https://www.zomato.com/manipal/the-laughing-buddha-vidyaratna-nagar
Frozen Bottle,https://www.zomato.com/manipal/baskin-robbins-vidyaratna-nagar
Frozen Bottle,https://www.zomato.com/manipal/barcode-restro-tiger-circle
Frozen Bottle,https://www.zomato.com/manipal/shivanna-donne-biryani-brahmagiri-udupi
Frozen Bottle,https://www.zomato.com/manipal/kwality-walls-frozen-dessert-and-ice-cream-shop-1-kunjibettu-udupi
Kwality Wall's Frozen Dessert And Ice Cream Shop,https://www.zomato.com/manipal/frozen-bottle-eshwar-nagar
Kwality Wall's Frozen Dessert And Ice Cream Shop,https://www.zomato.com/manipal/baskin-robbins-vidyaratna-nagar
Hashtag,https://www.zomato.com/manipal/hotel-parota-point-eshwar-nagar
Hashtag,https://www.zomato.com/manipal/kathi-junction-tiger-circle
Dolce Desserts,https://www.zomato.com/manipal/the-belgian-waffle-co-tiger-circle
Dolce Desserts,https://www.zomato.com/manipal/dominos-pizza-kunjibettu-udupi
Dolce Desserts,https://www.zomato.com/manipal/hangyo-ice-cream-1-eshwar-nagar
New Shanthi Sagar,https://www.zomato.com/manipal/barista-eshwar-nagar
New Shanthi Sagar,https://www.zomato.com/manipal/kediyoor-confectionery-kidiyoor-udupi
Hotel Swadisht,https://www.zomato.com/manipal/hangyo-ctf-eshwar-nagar
Hotel Swadisht,https://www.zomato.com/manipal/dominos-pizza-vidyaratna-nagar
Hotel Swadisht,https://www.zomato.com/manipal/pizza-hut-1-vidyaratna-nagar
Hotel Kediyoor Gokula Krishna,https://www.zomato.com/manipal/country-inn-mosaic-vidyaratna-nagar
Hotel Kediyoor Gokula Krishna,https://www.zomato.com/manipal/madhuvan-veg-eshwar-nagar
Bamboo Chef Restaurant,https://www.zomato.com/manipal/mcdonalds-eshwar-nagar
Bamboo Chef Restaurant,https://www.zomato.com/manipal/barista-eshwar-nagar
Bamboo Chef Restaurant,https://www.zomato.com/manipal/odeya-restaurant-brahmagiri-udupi
Bamboo Chef Restaurant,https://www.zomato.com/manipal/pizza-hut-eshwar-nagar
Vedanth,https://www.zomato.com/manipal/barista-eshwar-nagar
Vedanth,https://www.zomato.com/manipal/dominos-pizza-vidyaratna-nagar
Vedanth,https://www.zomato.com/manipal/summer-park-deluxe-a-c-non-a-c-family-restaurant-maruthi-veethika
Vedanth,https://www.zomato.com/manipal/pizza-hut-eshwar-nagar
Crumbz,https://www.zomato.com/manipal/mtr-1924-kinnimulki
CTF Udupi,https://www.zomato.com/manipal/dominos-pizza-vidyaratna-nagar
CTF Udupi,https://www.zomato.com/manipal/dolphin-lunch-home-maruthi-veethika
CTF Udupi,https://www.zomato.com/manipal/pizza-hut-eshwar-nagar
Scoop N Bake,https://www.zomato.com/manipal/mcdonalds-eshwar-nagar
Scoop N Bake,https://www.zomato.com/manipal/baskin-robbins-vidyaratna-nagar
Scoop N Bake,https://www.zomato.com/manipal/kediyoors-pizza-kidiyoor-udupi
Scoop N Bake,https://www.zomato.com/manipal/shivanna-donne-biryani-brahmagiri-udupi
Scoop N Bake,https://www.zomato.com/manipal/kwality-walls-frozen-dessert-and-ice-cream-shop-1-kunjibettu-udupi
FFC Shawarma,https://www.zomato.com/manipal/dominos-pizza-vidyaratna-nagar
FFC Shawarma,https://www.zomato.com/manipal/dawath-restaurant-kidiyoor
FFC Shawarma,https://www.zomato.com/manipal/pizza-hut-eshwar-nagar
Baskin Robbins,https://www.zomato.com/manipal/sundae-everyday-ice-creams-kunjibettu-udupi
Baskin Robbins,https://www.zomato.com/manipal/shivanna-donne-biryani-brahmagiri-udupi
Baskin Robbins,https://www.zomato.com/manipal/kwality-walls-frozen-dessert-and-ice-cream-shop-1-kunjibettu-udupi
Hot Chix,https://www.zomato.com/manipal/dishes-family-restaurant-vidyaratna-nagar
Hot Chix,https://www.zomato.com/manipal/kathi-junction-tiger-circle
Hotel Pancharatna Paradise,https://www.zomato.com/manipal/mcdonalds-eshwar-nagar
Hotel Pancharatna Paradise,https://www.zomato.com/manipal/baskin-robbins-vidyaratna-nagar
Hotel Pancharatna Paradise,https://www.zomato.com/manipal/hotel-thaamboolam-kinnimulki
Hotel Pancharatna Paradise,https://www.zomato.com/manipal/pizza-hut-eshwar-nagar
Hotel Pancharatna Paradise,https://www.zomato.com/manipal/kwality-walls-frozen-dessert-and-ice-cream-shop-1-kunjibettu-udupi
Sundae Everyday Ice Creams,https://www.zomato.com/manipal/baskin-robbins-vidyaratna-nagar
Sundae Everyday Ice Creams,https://www.zomato.com/manipal/barcode-restro-tiger-circle
Sundae Everyday Ice Creams,https://www.zomato.com/manipal/shivanna-donne-biryani-brahmagiri-udupi
Sundae Everyday Ice Creams,https://www.zomato.com/manipal/kwality-walls-frozen-dessert-and-ice-cream-shop-1-kunjibettu-udupi
Hotel Sri Durga Bhavana,https://www.zomato.com/manipal/baskin-robbins-vidyaratna-nagar
Hotel Sri Durga Bhavana,https://www.zomato.com/manipal/fish-factory-brahmagiri
Hotel Sri Durga Bhavana,https://www.zomato.com/manipal/shivanna-donne-biryani-brahmagiri-udupi
Hotel Sri Durga Bhavana,https://www.zomato.com/manipal/kwality-walls-frozen-dessert-and-ice-cream-shop-1-kunjibettu-udupi
Kediyoor Confectionery,https://www.zomato.com/manipal/barista-eshwar-nagar
Kediyoor Confectionery,https://www.zomato.com/manipal/dominos-pizza-vidyaratna-nagar
Kediyoor Confectionery,https://www.zomato.com/manipal/pizza-hut-1-vidyaratna-nagar
Kediyoor Confectionery,https://www.zomato.com/manipal/drips-bakery-and-cakes-vidyaratna-nagar
Hotel Parota Point,https://www.zomato.com/manipal/kathi-junction-tiger-circle
Hotel Parota Point,https://www.zomato.com/manipal/hashtag-vidyaratna-nagar
Le Shaay,https://www.zomato.com/manipal/planet-cafe-vidyaratna-nagar
Chef Food Court,https://www.zomato.com/manipal/kathi-junction-tiger-circle
Chef Food Court,https://www.zomato.com/manipal/northy-mess-1-eshwar-nagar
Summer Park Deluxe A/C,https://www.zomato.com/manipal/barista-eshwar-nagar
Summer Park Deluxe A/C,https://www.zomato.com/manipal/dominos-pizza-vidyaratna-nagar
Summer Park Deluxe A/C,https://www.zomato.com/manipal/utsaav-om-sweets-and-savouries-maruthi-veethika-udupi
Summer Park Deluxe A/C,https://www.zomato.com/manipal/pizza-hut-eshwar-nagar
Barista,https://www.zomato.com/manipal/pizza-hut-eshwar-nagar
Barista,https://www.zomato.com/manipal/waffee-house-vidyaratna-nagar
Juice Junction,https://www.zomato.com/manipal/the-belgian-waffle-co-tiger-circle
Juice Junction,https://www.zomato.com/manipal/dolce-desserts-tiger-circle
Juice Junction,https://www.zomato.com/manipal/scoops-n-smiles-kidiyoor-udupi
Juice Junction,https://www.zomato.com/manipal/dominos-pizza-kunjibettu-udupi
Naaniz,https://www.zomato.com/manipal/five-star-chicken-eshwar-nagar
Wokaholic,https://www.zomato.com/manipal/suresh-mess-vidyaratna-nagar
Hangyo Ice Cream,https://www.zomato.com/manipal/the-belgian-waffle-co-tiger-circle
Hangyo Ice Cream,https://www.zomato.com/manipal/dolce-desserts-tiger-circle
Hangyo Ice Cream,https://www.zomato.com/manipal/dominos-pizza-kunjibettu-udupi
Hangyo Ice Cream,https://www.zomato.com/manipal/nic-natural-ice-creams-vidyaratna-nagar
Barbeque Nation,https://www.zomato.com/manipal/bacchus-inn-vidyaratna-nagar
Barbeque Nation,https://www.zomato.com/manipal/dominos-pizza-vidyaratna-nagar
LA Rochelle,https://www.zomato.com/manipal/rolls-mania-eshwar-nagar
LA Rochelle,https://www.zomato.com/manipal/teapot-cafe-vidyaratna-nagar
Scoops N Smiles,https://www.zomato.com/manipal/the-belgian-waffle-co-tiger-circle
Scoops N Smiles,https://www.zomato.com/manipal/hotel-udupi-residency-nittur-udupi
Scoops N Smiles,https://www.zomato.com/manipal/dolce-desserts-tiger-circle
Scoops N Smiles,https://www.zomato.com/manipal/dominos-pizza-kunjibettu-udupi
The Dessert Zone,https://www.zomato.com/manipal/barista-eshwar-nagar
The Dessert Zone,https://www.zomato.com/manipal/baskin-robbins-vidyaratna-nagar
The Dessert Zone,https://www.zomato.com/manipal/malika-white-lotus-hotel-maruthi-veethika
The Dessert Zone,https://www.zomato.com/manipal/pizza-hut-eshwar-nagar
The Dessert Zone,https://www.zomato.com/manipal/kwality-walls-frozen-dessert-and-ice-cream-shop-1-kunjibettu-udupi
Vaibhav,https://www.zomato.com/manipal/barista-eshwar-nagar
Vaibhav,https://www.zomato.com/manipal/rolls-mania-eshwar-nagar
Vaibhav,https://www.zomato.com/manipal/pizza-hut-eshwar-nagar
Vaibhav,https://www.zomato.com/manipal/new-tiwari-chat-eshwar-nagar
Mumbai Carters Blue Family Restaurant,https://www.zomato.com/manipal/baskin-robbins-vidyaratna-nagar
Mumbai Carters Blue Family Restaurant,https://www.zomato.com/manipal/dawath-restaurant-kidiyoor
Mumbai Carters Blue Family Restaurant,https://www.zomato.com/manipal/pizza-hut-eshwar-nagar
Hotel Swastik,https://www.zomato.com/manipal/rolls-mania-eshwar-nagar
Hotel Swastik,https://www.zomato.com/manipal/yummys-restro-vidyaratna-nagar
Fresh Juice World,https://www.zomato.com/manipal/rolls-mania-eshwar-nagar
Fresh Juice World,https://www.zomato.com/manipal/yummys-kitchen-vidyaratna-nagar
Kouzina Kafe - The Food Court,https://www.zomato.com/manipal/new-tiwari-chat-eshwar-nagar
Saiba,https://www.zomato.com/manipal/dishes-family-restaurant-vidyaratna-nagar
Inox,https://www.zomato.com/manipal/rolls-mania-eshwar-nagar
Inox,https://www.zomato.com/manipal/the-blind-spot-cafe-vidyaratna-nagar
Saim Select,https://www.zomato.com/manipal/barista-eshwar-nagar
Saim Select,https://www.zomato.com/manipal/rolls-mania-eshwar-nagar
Saim Select,https://www.zomato.com/manipal/pizza-hut-eshwar-nagar
Saim Select,https://www.zomato.com/manipal/burger-it-up-kunjibettu-udupi
Yo Dragon,https://www.zomato.com/manipal/rolls-mania-eshwar-nagar
Yo Dragon,https://www.zomato.com/manipal/sanvika-foodzo-vidyaratna-nagar
Dusk Till Dawn,https://www.zomato.com/manipal/rolls-mania-eshwar-nagar
Dusk Till Dawn,https://www.zomato.com/manipal/the-biryani-treat-vidyaratna-nagar
Slurpy Shakes,https://www.zomato.com/manipal/baskin-robbins-vidyaratna-nagar
Slurpy Shakes,https://www.zomato.com/manipal/shivanna-donne-biryani-brahmagiri-udupi
Slurpy Shakes,https://www.zomato.com/manipal/7-degrees-kinnimulki-udupi
Slurpy Shakes,https://www.zomato.com/manipal/kwality-walls-frozen-dessert-and-ice-cream-shop-1-kunjibettu-udupi
Asian K Flavour,https://www.zomato.com/manipal/barista-eshwar-nagar
Asian K Flavour,https://www.zomato.com/manipal/pizza-hut-eshwar-nagar
Asian K Flavour,https://www.zomato.com/manipal/spicy-kitchen-saralebettu
Shake Shack,https://www.zomato.com/manipal/the-belgian-waffle-co-tiger-circle
Shake Shack,https://www.zomato.com/manipal/dolce-desserts-tiger-circle
Shake Shack,https://www.zomato.com/manipal/dominos-pizza-kunjibettu-udupi
Shake Shack,https://www.zomato.com/manipal/cupcake-bliss-cakes-desserts-kunjibettu-udupi
Big Boss,https://www.zomato.com/manipal/barista-eshwar-nagar
Big Boss,https://www.zomato.com/manipal/malika-white-lotus-hotel-maruthi-veethika
Big Boss,https://www.zomato.com/manipal/pizza-hut-eshwar-nagar
The Book Cafe,https://www.zomato.com/manipal/payohima-1-eshwar-nagar
The Book Cafe,https://www.zomato.com/manipal/time-cafe-restaurant-1-eshwar-nagar
Five Star Chicken,https://www.zomato.com/manipal/barista-eshwar-nagar
Five Star Chicken,https://www.zomato.com/manipal/rolls-mania-eshwar-nagar
Five Star Chicken,https://www.zomato.com/manipal/pizza-hut-eshwar-nagar
Five Star Chicken,https://www.zomato.com/manipal/naaniz-vidyaratna-nagar
Ainn Sweet,https://www.zomato.com/manipal/still-venkteshwar-sweets-maruthi-veethika
Ainn Sweet,https://www.zomato.com/manipal/pizza-hut-eshwar-nagar
Zafran Foods,https://www.zomato.com/manipal/rolls-mania-eshwar-nagar
Zafran Foods,https://www.zomato.com/manipal/k-p-foods-and-snacks-eshwar-nagar
Red Kitchen Express,https://www.zomato.com/manipal/kathi-junction-tiger-circle
Red Kitchen Express,https://www.zomato.com/manipal/northy-mess-1-eshwar-nagar
Shack Point By Snack Shack,https://www.zomato.com/manipal/kathi-junction-tiger-circle
Shack Point By Snack Shack,https://www.zomato.com/manipal/masala-kraft-kitchen-eshwar-nagar
Hotel Shubham,https://www.zomato.com/manipal/makazai-vidyaratna-nagar
Tiwari Chat,https://www.zomato.com/manipal/kamath-cafe-1-eshwar-nagar
Hangyo CTF,https://www.zomato.com/manipal/dominos-pizza-vidyaratna-nagar
Hangyo CTF,https://www.zomato.com/manipal/pizza-hut-1-vidyaratna-nagar
Hangyo CTF,https://www.zomato.com/manipal/ffc-shawarma-maruthi-veethika-udupi
Makazai,https://www.zomato.com/manipal/manipal-express-1-eshwar-nagar
Hotel Thaamboolam,https://www.zomato.com/manipal/mcdonalds-eshwar-nagar
Hotel Thaamboolam,https://www.zomato.com/manipal/baskin-robbins-vidyaratna-nagar
Hotel Thaamboolam,https://www.zomato.com/manipal/pizza-hut-eshwar-nagar
Hotel Thaamboolam,https://www.zomato.com/manipal/kediyoor-gazebo-kidiyoor-udupi
Hotel Thaamboolam,https://www.zomato.com/manipal/kwality-walls-frozen-dessert-and-ice-cream-shop-1-kunjibettu-udupi
Mexican Burrito,https://www.zomato.com/manipal/hotel-swastik-shivalli
Kediyoor Gazebo,https://www.zomato.com/manipal/mcdonalds-eshwar-nagar
Kediyoor Gazebo,https://www.zomato.com/manipal/baskin-robbins-vidyaratna-nagar
Kediyoor Gazebo,https://www.zomato.com/manipal/hotel-thaamboolam-kinnimulki
Kediyoor Gazebo,https://www.zomato.com/manipal/pizza-hut-eshwar-nagar
Kediyoor Gazebo,https://www.zomato.com/manipal/kwality-walls-frozen-dessert-and-ice-cream-shop-1-kunjibettu-udupi
Dolphin Lunch Home,https://www.zomato.com/manipal/barista-eshwar-nagar
Dolphin Lunch Home,https://www.zomato.com/manipal/dominos-pizza-vidyaratna-nagar
Dolphin Lunch Home,https://www.zomato.com/manipal/pizza-hut-eshwar-nagar
Dolphin Lunch Home,https://www.zomato.com/manipal/ctf-udupi-brahmagiri-udupi
Machali Restaurant,https://www.zomato.com/manipal/the-belgian-waffle-co-tiger-circle
Machali Restaurant,https://www.zomato.com/manipal/indiana-burgers-kunjibettu-udupi
Sammana Hotel,https://www.zomato.com/manipal/dominos-pizza-vidyaratna-nagar
Sammana Hotel,https://www.zomato.com/manipal/pizza-hut-eshwar-nagar
Sammana Hotel,https://www.zomato.com/manipal/ctf-udupi-brahmagiri-udupi
Dawath Restaurant,https://www.zomato.com/manipal/saiba-restaurant-eshwar-nagar
Dawath Restaurant,https://www.zomato.com/manipal/dominos-pizza-vidyaratna-nagar
Dawath Restaurant,https://www.zomato.com/manipal/pizza-hut-eshwar-nagar
The Tawa Punjab,https://www.zomato.com/manipal/dominos-pizza-vidyaratna-nagar
The Tawa Punjab,https://www.zomato.com/manipal/food-chemist-1-vidyaratna-nagar
The Laughing Buddha,https://www.zomato.com/manipal/hakuna-matata-eshwar-nagar
The Laughing Buddha,https://www.zomato.com/manipal/dominos-pizza-vidyaratna-nagar
The Laughing Buddha,https://www.zomato.com/manipal/country-inn-mosaic-vidyaratna-nagar
Ruchitha Restaurant,https://www.zomato.com/manipal/arabian-knights-vidyaratna-nagar
Hotel Central Park,https://www.zomato.com/manipal/arabian-knights-vidyaratna-nagar
Madhuvan Mandara Multi Cuisine Family Restaurant,https://www.zomato.com/manipal/dominos-pizza-vidyaratna-nagar
Madhuvan Mandara Multi Cuisine Family Restaurant,https://www.zomato.com/manipal/pizza-hut-eshwar-nagar
Madhuvan Mandara Multi Cuisine Family Restaurant,https://www.zomato.com/manipal/ctf-udupi-brahmagiri-udupi
Fullfills,https://www.zomato.com/manipal/eye-of-the-tiger-1-eshwar-nagar
Fullfills,https://www.zomato.com/manipal/country-inn-mosaic-vidyaratna-nagar
Malika - White Lotus Hotel,https://www.zomato.com/manipal/big-boss-eshwar-nagar
Malika - White Lotus Hotel,https://www.zomato.com/manipal/barista-eshwar-nagar
Malika - White Lotus Hotel,https://www.zomato.com/manipal/baskin-robbins-vidyaratna-nagar
Malika - White Lotus Hotel,https://www.zomato.com/manipal/pizza-hut-eshwar-nagar
The Mill,https://www.zomato.com/manipal/country-inn-mosaic-vidyaratna-nagar
The Mill,https://www.zomato.com/manipal/tiwari-chat-eshwar-nagar
Dishes Family Restaurant,https://www.zomato.com/manipal/zebra-spot-restaurant-eshwar-nagar
Dishes Family Restaurant,https://www.zomato.com/manipal/kathi-junction-tiger-circle
Dolphin Lunch Home,https://www.zomato.com/manipal/barista-eshwar-nagar
Dolphin Lunch Home,https://www.zomato.com/manipal/pizza-hut-eshwar-nagar
Dolphin Lunch Home,https://www.zomato.com/manipal/mumbai-carters-blue-family-restaurant-kunjibettu-udupi
Spicy Kitchen,https://www.zomato.com/manipal/barista-eshwar-nagar
Spicy Kitchen,https://www.zomato.com/manipal/rolls-mania-eshwar-nagar
Spicy Kitchen,https://www.zomato.com/manipal/pind-punjabi-tiger-circle
Spicy Kitchen,https://www.zomato.com/manipal/pizza-hut-eshwar-nagar
Shivanna's Military Hotel,https://www.zomato.com/manipal/baskin-robbins-vidyaratna-nagar
Shivanna's Military Hotel,https://www.zomato.com/manipal/oceana-multi-cusine-restaurant-vidyaratna-nagar
Shivanna's Military Hotel,https://www.zomato.com/manipal/shivanna-donne-biryani-brahmagiri-udupi
Shivanna's Military Hotel,https://www.zomato.com/manipal/kwality-walls-frozen-dessert-and-ice-cream-shop-1-kunjibettu-udupi
Shivanna's Military Hotel,https://www.zomato.com/manipal/baskin-robbins-vidyaratna-nagar
Shivanna's Military Hotel,https://www.zomato.com/manipal/oceana-multi-cusine-restaurant-vidyaratna-nagar
Shivanna's Military Hotel,https://www.zomato.com/manipal/shivanna-donne-biryani-brahmagiri-udupi
Shivanna's Military Hotel,https://www.zomato.com/manipal/kwality-walls-frozen-dessert-and-ice-cream-shop-1-kunjibettu-udupi
Masala Kraft Kitchen,https://www.zomato.com/manipal/kathi-junction-tiger-circle
Masala Kraft Kitchen,https://www.zomato.com/manipal/shack-point-by-snack-shack-eshwar-nagar
Fish Factory,https://www.zomato.com/manipal/baskin-robbins-vidyaratna-nagar
Fish Factory,https://www.zomato.com/manipal/hotel-sri-durga-bhavana-brahmagiri-udupi
Fish Factory,https://www.zomato.com/manipal/shivanna-donne-biryani-brahmagiri-udupi
Fish Factory,https://www.zomato.com/manipal/kwality-walls-frozen-dessert-and-ice-cream-shop-1-kunjibettu-udupi
Ghar Ki Rasoi,https://www.zomato.com/manipal/kathi-junction-tiger-circle
Ghar Ki Rasoi,https://www.zomato.com/manipal/biryani-box-boxd-vidyaratna-nagar
Indie Biryani,https://www.zomato.com/manipal/dominos-pizza-vidyaratna-nagar
Indie Biryani,https://www.zomato.com/manipal/bake-studio-udayavara
Indie Biryani,https://www.zomato.com/manipal/food-palace-vidyaratna-nagar
Indie Biryani,https://www.zomato.com/manipal/shivanna-donne-biryani-vidyaratna-nagar
Indie Biryani,https://www.zomato.com/manipal/kwality-walls-frozen-dessert-and-ice-cream-shop-kunjibettu-udupi
Hotel Chicken Zain,https://www.zomato.com/manipal/bake-studio-kinnimulki
Hotel Chicken Zain,https://www.zomato.com/manipal/hot-n-cool-vidyaratna-nagar
Coral,https://www.zomato.com/manipal/barista-eshwar-nagar
Coral,https://www.zomato.com/manipal/hotte-thumba-pure-veg-restaurant-saralebettu
Anupam,https://www.zomato.com/manipal/susri-krishna-pure-veg-restaurant-maruthi-veethika-udupi
Shetty Lunch Home,https://www.zomato.com/manipal/the-belgian-waffle-co-tiger-circle
Shetty Lunch Home,https://www.zomato.com/manipal/laziz-pizza-kunjibettu-udupi
Payohima,https://www.zomato.com/manipal/udupi-rasoi-veg-restaurant-pandubettu-udupi
Scirocco,https://www.zomato.com/manipal/mcdonalds-eshwar-nagar
Scirocco,https://www.zomato.com/manipal/pizza-hut-1-vidyaratna-nagar
Scirocco,https://www.zomato.com/manipal/pisces-multicuisine-deluxe-family-restaurant-maruthi-veethika
Scirocco,https://www.zomato.com/manipal/bake-studio-brahmagiri-udupi
Scirocco,https://www.zomato.com/manipal/kwality-walls-frozen-dessert-and-ice-cream-shop-kunjibettu-udupi
Biryani Paradise,https://www.zomato.com/manipal/hotte-thumba-pure-veg-restaurant-saralebettu
Biryani Box BOXD,https://www.zomato.com/manipal/kathi-junction-tiger-circle
Biryani Box BOXD,https://www.zomato.com/manipal/ghar-ki-rasoi-tiger-circle
Hotel Lake View,https://www.zomato.com/manipal/the-tinyhouse-cafe-vidyaratna-nagar
Hotel Sammana Veg,https://www.zomato.com/manipal/suresh-mess-vidyaratna-nagar
Sagar Ratna,https://www.zomato.com/manipal/barista-eshwar-nagar
Sagar Ratna,https://www.zomato.com/manipal/rolls-mania-eshwar-nagar
Sagar Ratna,https://www.zomato.com/manipal/hotel-naivedya-kinnimulki
Sagar Ratna,https://www.zomato.com/manipal/pizza-hut-eshwar-nagar
Jaafna Waffles and Pancakes,https://www.zomato.com/manipal/barista-eshwar-nagar
Jaafna Waffles and Pancakes,https://www.zomato.com/manipal/rolls-mania-eshwar-nagar
Jaafna Waffles and Pancakes,https://www.zomato.com/manipal/coral-kunjibettu
Jaafna Waffles and Pancakes,https://www.zomato.com/manipal/payohima-1-eshwar-nagar
Malabar Express,https://www.zomato.com/manipal/rolls-mania-eshwar-nagar
Malabar Express,https://www.zomato.com/manipal/the-blind-spot-cafe-vidyaratna-nagar
Supper Cloud,https://www.zomato.com/manipal/rolls-mania-eshwar-nagar
Supper Cloud,https://www.zomato.com/manipal/yo-dragon-eshwar-nagar
Hotel Pingara,https://www.zomato.com/manipal/sharada-international-hotels-private-limited-pandubettu-udupi
Time Cafe Restaurant,https://www.zomato.com/manipal/wokaholic-vidyaratna-nagar
Kolkata To Manipal,https://www.zomato.com/manipal/guzzlers-inn-1-saralebettu
Kolkata To Manipal,https://www.zomato.com/manipal/shivanna-donne-biryani-brahmagiri-udupi
Kolkata To Manipal,https://www.zomato.com/manipal/kwality-walls-frozen-dessert-and-ice-cream-shop-1-kunjibettu-udupi
Santrupt Military Hotel,https://www.zomato.com/manipal/cafiya-restaurant-maruthi-veethika
Santrupt Military Hotel,https://www.zomato.com/manipal/shivanna-donne-biryani-brahmagiri-udupi
Santrupt Military Hotel,https://www.zomato.com/manipal/kwality-walls-frozen-dessert-and-ice-cream-shop-1-kunjibettu-udupi
Leo's Pub,https://www.zomato.com/manipal/hidden-woods-club-and-resort-doddanagudde-udupi
Coast Asia,https://www.zomato.com/manipal/rolls-mania-eshwar-nagar
Coast Asia,https://www.zomato.com/manipal/kfc-vidyaratna-nagar
Coast Asia,https://www.zomato.com/manipal/shivanna-donne-biryani-vidyaratna-nagar
Saiba Restaurant,https://www.zomato.com/manipal/barista-eshwar-nagar
Saiba Restaurant,https://www.zomato.com/manipal/dominos-pizza-vidyaratna-nagar
Saiba Restaurant,https://www.zomato.com/manipal/dawath-restaurant-kidiyoor
Saiba Restaurant,https://www.zomato.com/manipal/pizza-hut-eshwar-nagar
Pisces Multicuisine Deluxe Family Restaurant,https://www.zomato.com/manipal/mcdonalds-eshwar-nagar
Pisces Multicuisine Deluxe Family Restaurant,https://www.zomato.com/manipal/bake-studio-brahmagiri-udupi
Pisces Multicuisine Deluxe Family Restaurant,https://www.zomato.com/manipal/kaliyuga-kunjibettu-udupi
Pisces Multicuisine Deluxe Family Restaurant,https://www.zomato.com/manipal/shivanna-donne-biryani-vidyaratna-nagar
Pisces Multicuisine Deluxe Family Restaurant,https://www.zomato.com/manipal/kwality-walls-frozen-dessert-and-ice-cream-shop-kunjibettu-udupi
Pind Punjabi,https://www.zomato.com/manipal/barista-eshwar-nagar
Pind Punjabi,https://www.zomato.com/manipal/hotel-naivedya-kinnimulki
Pind Punjabi,https://www.zomato.com/manipal/pizza-hut-eshwar-nagar
Swadesh Heritage A/C Restaurant,https://www.zomato.com/manipal/barista-eshwar-nagar
Swadesh Heritage A/C Restaurant,https://www.zomato.com/manipal/pind-punjabi-tiger-circle
Swadesh Heritage A/C Restaurant,https://www.zomato.com/manipal/pizza-hut-eshwar-nagar
Swadesh Heritage,https://www.zomato.com/manipal/barista-eshwar-nagar
Swadesh Heritage,https://www.zomato.com/manipal/rolls-mania-eshwar-nagar
Swadesh Heritage,https://www.zomato.com/manipal/feast-on-flavours-vidyaratna-nagar
Hotel Udupi Residency,https://www.zomato.com/manipal/the-belgian-waffle-co-tiger-circle
Hotel Udupi Residency,https://www.zomato.com/manipal/dolce-desserts-tiger-circle
Hotel Udupi Residency,https://www.zomato.com/manipal/scoops-n-smiles-kidiyoor-udupi
Hotel Udupi Residency,https://www.zomato.com/manipal/dominos-pizza-kunjibettu-udupi
Scirocco Coffee Valley,https://www.zomato.com/manipal/barista-eshwar-nagar
Scirocco Coffee Valley,https://www.zomato.com/manipal/hotel-naivedya-kinnimulki
Knight Bite,https://www.zomato.com/manipal/spicy-nights-nittur
Knight Bite,https://www.zomato.com/manipal/dominos-pizza-kunjibettu-udupi
Hotte Tumba Fish Court,https://www.zomato.com/manipal/baskin-robbins-vidyaratna-nagar
Hotte Tumba Fish Court,https://www.zomato.com/manipal/fish-factory-brahmagiri
Hotte Tumba Fish Court,https://www.zomato.com/manipal/shivanna-donne-biryani-brahmagiri-udupi
Hotte Tumba Fish Court,https://www.zomato.com/manipal/kwality-walls-frozen-dessert-and-ice-cream-shop-1-kunjibettu-udupi
Golden Spoon Restaurant,https://www.zomato.com/manipal/rolls-mania-eshwar-nagar
Golden Spoon Restaurant,https://www.zomato.com/manipal/kamath-cafe-1-eshwar-nagar
Pisces Lounge,https://www.zomato.com/manipal/the-chennai-express-1-eshwar-nagar
Dakshin,https://www.zomato.com/manipal/golden-spoon-restaurant-eshwar-nagar
Viraasat The Heritage Fine Dine,https://www.zomato.com/manipal/fish-factory-brahmagiri
Heafoo Restaurant,https://www.zomato.com/manipal/hotel-priyadrshini-brahmagiri
Heafoo Restaurant,https://www.zomato.com/manipal/bake-studio-kinnimulki
Shivanna Donne Biryani,https://www.zomato.com/manipal/barista-eshwar-nagar
Shivanna Donne Biryani,https://www.zomato.com/manipal/rolls-mania-eshwar-nagar
Shivanna Donne Biryani,https://www.zomato.com/manipal/dominos-pizza-vidyaratna-nagar
Shivanna Donne Biryani,https://www.zomato.com/manipal/dolphin-lunch-home-maruthi-veethika
Shivanna Donne Biryani,https://www.zomato.com/manipal/pizza-hut-eshwar-nagar
Food Hut,https://www.zomato.com/manipal/barista-eshwar-nagar
Food Hut,https://www.zomato.com/manipal/payohima-1-eshwar-nagar
Food Hut,https://www.zomato.com/manipal/hotte-thumba-pure-veg-restaurant-saralebettu
K P Foods and Snacks,https://www.zomato.com/manipal/suresh-mess-vidyaratna-nagar
