restro_id,names,links,Google-Maps Links,Latitude,Longitude,Rating
0,Drips Bakery and Cakes,https://www.zomato.com/manipal/drips-bakery-and-cakes-vidyaratna-nagar/order,"https://www.google.com/maps/dir/?api=1&destination=13.3524510000,74.7840500000",13.352451,74.78405,4.5
1,McDonald's,https://www.zomato.com/manipal/mcdonalds-eshwar-nagar/order,"https://www.google.com/maps/dir/?api=1&destination=13.3526305659,74.7900811583",13.35263057,74.79008116,4.5
2,7th Heaven - A Slice of Happiness,https://www.zomato.com/manipal/7th-heaven-a-slice-of-happiness-maruthi-veethika-udupi/order,"https://www.google.com/maps/dir/?api=1&destination=13.3401940000,74.7491880000",13.340194,74.749188,4.4
3,Domino's Pizza,https://www.zomato.com/manipal/dominos-pizza-vidyaratna-nagar/order,"https://www.google.com/maps/dir/?api=1&destination=13.3470000000,74.7880000000",13.347,74.788,4.1
4,Cloud Nine,https://www.zomato.com/manipal/cloud-nine-vidyaratna-nagar/order,"https://www.google.com/maps/dir/?api=1&destination=13.3599090000,74.7833110000",13.359909,74.783311,-1
5,Hadiqa,https://www.zomato.com/manipal/hadiqa-eshwar-nagar/order,"https://www.google.com/maps/dir/?api=1&destination=13.3510260000,74.7878400000",13.351026,74.78784,4.3
6,Foodezze Cafe Grills And Subs,https://www.zomato.com/manipal/foodezze-cafe-grills-and-subs-vidyaratna-nagar/order,"https://www.google.com/maps/dir/?api=1&destination=13.3571750000,74.7838860000",13.357175,74.783886,4.2
7,Arabian Tasty,https://www.zomato.com/manipal/arabian-tasty-vidyaratna-nagar/order,"https://www.google.com/maps/dir/?api=1&destination=13.3517191260,74.7842148319",13.35171913,74.78421483,-1
8,Mehak E Punjab,https://www.zomato.com/manipal/mehak-e-punjab-eshwar-nagar/order,"https://www.google.com/maps/dir/?api=1&destination=13.3566340000,74.7945917000",13.356634,74.7945917,-1
9,Subway,https://www.zomato.com/manipal/subway-eshwar-nagar/order,"https://www.google.com/maps/dir/?api=1&destination=13.3531877365,74.7858362272",13.35318774,74.78583623,4.3
10,Dollops,https://www.zomato.com/manipal/dollops-eshwar-nagar/order,"https://www.google.com/maps/dir/?api=1&destination=13.3517037940,74.7874559462",13.35170379,74.78745595,-1
11,Madhuvan Veg,https://www.zomato.com/manipal/madhuvan-veg-eshwar-nagar/order,"https://www.google.com/maps/dir/?api=1&destination=13.3508700000,74.7874530000",13.35087,74.787453,-1
12,Cafe Boda Sheera,https://www.zomato.com/manipal/cafe-boda-sheera-eshwar-nagar/order,"https://www.google.com/maps/dir/?api=1&destination=13.3530426000,74.7902280000",13.3530426,74.790228,-1
13,G2 Ginger Garlic,https://www.zomato.com/manipal/g2-ginger-garlic-vidyaratna-nagar/order,"https://www.google.com/maps/dir/?api=1&destination=13.3553874499,74.7982534491",13.35538745,74.79825345,-1
14,Hot 'n' Spicy,https://www.zomato.com/manipal/hot-n-spicy-vidyaratna-nagar/order,"https://www.google.com/maps/dir/?api=1&destination=13.3548947973,74.7845916823",13.3548948,74.78459168,-1
15,Manna Rolls,https://www.zomato.com/manipal/manna-rolls-vidyaratna-nagar/order,"https://www.google.com/maps/dir/?api=1&destination=13.3524681000,74.7838122000",13.3524681,74.7838122,4.5
16,Pai Tiffins,https://www.zomato.com/manipal/pai-tiffins-5-eshwar-nagar/order,"https://www.google.com/maps/dir/?api=1&destination=13.3528870000,74.7895280000",13.352887,74.789528,4.2
17,KFC,https://www.zomato.com/manipal/kfc-vidyaratna-nagar/order,"https://www.google.com/maps/dir/?api=1&destination=13.3486102877,74.7819818929",13.34861029,74.78198189,4.1
18,Food Chemist,https://www.zomato.com/manipal/food-chemist-1-vidyaratna-nagar/order,"https://www.google.com/maps/dir/?api=1&destination=13.3488540000,74.7815370000",13.348854,74.781537,-1
19,Shawarma Broast,https://www.zomato.com/manipal/shawarma-broast-maruthi-veethika-udupi/order,"https://www.google.com/maps/dir/?api=1&destination=13.3457833000,74.7557190000",13.3457833,74.755719,-1
20,Snack Shack,https://www.zomato.com/manipal/snack-shack-tiger-circle/order,"https://www.google.com/maps/dir/?api=1&destination=13.3521513590,74.7874549404",13.35215136,74.78745494,4.1
21,Manipal Express,https://www.zomato.com/manipal/manipal-express-1-eshwar-nagar/order,"https://www.google.com/maps/dir/?api=1&destination=13.3518800000,74.7870570000",13.35188,74.787057,4.1
22,Pizza Hut,https://www.zomato.com/manipal/pizza-hut-eshwar-nagar/order,"https://www.google.com/maps/dir/?api=1&destination=13.3529410000,74.7901140000",13.352941,74.790114,-1
23,Polar Bear,https://www.zomato.com/manipal/polar-bear-1-vidyaratna-nagar/order,"https://www.google.com/maps/dir/?api=1&destination=13.3530970000,74.7838970000",13.353097,74.783897,4.5
24,New Tiwari Chat,https://www.zomato.com/manipal/new-tiwari-chat-eshwar-nagar/order,"https://www.google.com/maps/dir/?api=1&destination=13.3494551910,74.7918631509",13.34945519,74.79186315,-1
25,Crave Desserts &amp; Bakes,https://www.zomato.com/manipal/crave-desserts-bakes-vidyaratna-nagar/order,"https://www.google.com/maps/dir/?api=1&destination=13.3583810000,74.7845030000",13.358381,74.784503,-1
26,UTSAAV - Om Sweets and Savouries,https://www.zomato.com/manipal/utsaav-om-sweets-and-savouries-maruthi-veethika-udupi/order,"https://www.google.com/maps/dir/?api=1&destination=13.3465110000,74.7610370000",13.346511,74.761037,-1
27,Friendly Fried Chicken,https://www.zomato.com/manipal/friendly-fried-chicken-kunjibettu-udupi/order,"https://www.google.com/maps/dir/?api=1&destination=13.3457833000,74.7557190000",13.3457833,74.755719,-1
28,Teapot Cafe,https://www.zomato.com/manipal/teapot-cafe-vidyaratna-nagar/order,"https://www.google.com/maps/dir/?api=1&destination=13.3482190000,74.7828430000",13.348219,74.782843,4.1
29,The Belgian Waffle Co.,https://www.zomato.com/manipal/the-belgian-waffle-co-tiger-circle/order,"https://www.google.com/maps/dir/?api=1&destination=13.3525460000,74.7890180000",13.352546,74.789018,4.4
30,Bacchus Inn,https://www.zomato.com/manipal/bacchus-inn-vidyaratna-nagar/order,"https://www.google.com/maps/dir/?api=1&destination=13.3484504407,74.7800684720",13.34845044,74.78006847,-1
31,Zebra Spot Restaurant,https://www.zomato.com/manipal/zebra-spot-restaurant-eshwar-nagar/order,"https://www.google.com/maps/dir/?api=1&destination=13.3548625026,74.7934768349",13.3548625,74.79347683,4.1
32,Natural Ice Cream,https://www.zomato.com/manipal/natural-ice-cream-vidyaratna-nagar/order,"https://www.google.com/maps/dir/?api=1&destination=13.3480319023,74.7768015414",13.3480319,74.77680154,4.3
33,Red Kitchen,https://www.zomato.com/manipal/red-kitchen-eshwar-nagar/order,"https://www.google.com/maps/dir/?api=1&destination=13.3494081000,74.7917913000",13.3494081,74.7917913,4.1
34,Anupam Restaurant,https://www.zomato.com/manipal/anupam-restaurant-tiger-circle/order,"https://www.google.com/maps/dir/?api=1&destination=13.3524670000,74.7890190000",13.352467,74.789019,4.1
35,A Cafe Story,https://www.zomato.com/manipal/a-cafe-story-vidyaratna-nagar/order,"https://www.google.com/maps/dir/?api=1&destination=13.3511680000,74.7838670000",13.351168,74.783867,-1
36,WarmOven Cake &amp; Desserts,https://www.zomato.com/manipal/warmoven-cake-desserts-kunjibettu-udupi/order,"https://www.google.com/maps/dir/?api=1&destination=13.3460495671,74.7640695429",13.34604957,74.76406954,4.3
37,Kathi Junction,https://www.zomato.com/manipal/kathi-junction-tiger-circle/order,"https://www.google.com/maps/dir/?api=1&destination=13.3506520000,74.7873990000",13.350652,74.787399,4.3
38,Indiana Burgers,https://www.zomato.com/manipal/indiana-burgers-kunjibettu-udupi/order,"https://www.google.com/maps/dir/?api=1&destination=13.3460495671,74.7640695429",13.34604957,74.76406954,4.1
39,Country Inn - Mosaic,https://www.zomato.com/manipal/country-inn-mosaic-vidyaratna-nagar/order,"https://www.google.com/maps/dir/?api=1&destination=13.3587084836,74.7851603106",13.35870848,74.78516031,-1
40,Burger It Up,https://www.zomato.com/manipal/burger-it-up-kunjibettu-udupi/order,"https://www.google.com/maps/dir/?api=1&destination=13.3458720000,74.7637350000",13.345872,74.763735,-1
41,Udupi Sweet House &amp; Udupi Darshini,https://www.zomato.com/manipal/udupi-sweet-house-udupi-darshini-maruthi-veethika-udupi/order,"https://www.google.com/maps/dir/?api=1&destination=13.3451677000,74.7512907000",13.3451677,74.7512907,-1
42,UBQ By Barbeque Nation,https://www.zomato.com/manipal/ubq-by-barbeque-nation-vidyaratna-nagar/order,"https://www.google.com/maps/dir/?api=1&destination=13.3492854000,74.7828254000",13.3492854,74.7828254,-1
43,Odeya Restaurant,https://www.zomato.com/manipal/odeya-restaurant-brahmagiri-udupi/order,"https://www.google.com/maps/dir/?api=1&destination=13.3439570680,74.7502781823",13.34395707,74.75027818,-1
44,Vito's Pizzeria &amp; Cafe,https://www.zomato.com/manipal/vitos-pizzeria-cafe-tiger-circle/order,"https://www.google.com/maps/dir/?api=1&destination=13.3524423717,74.7886324202",13.35244237,74.78863242,-1
45,Kediyoor's Pizza,https://www.zomato.com/manipal/kediyoors-pizza-kidiyoor-udupi/order,"https://www.google.com/maps/dir/?api=1&destination=13.3431050000,74.7465860000",13.343105,74.746586,4.3
46,Kaati Zone Rolls And Wraps,https://www.zomato.com/manipal/kaati-zone-rolls-and-wraps-kunjibettu-udupi/order,"https://www.google.com/maps/dir/?api=1&destination=13.3460495671,74.7640695429",13.34604957,74.76406954,-1
47,Cupcake Bliss Cakes &amp; Desserts,https://www.zomato.com/manipal/cupcake-bliss-cakes-desserts-kunjibettu-udupi/order,"https://www.google.com/maps/dir/?api=1&destination=13.3460495671,74.7640695429",13.34604957,74.76406954,4.1
48,Arabian Knights,https://www.zomato.com/manipal/arabian-knights-vidyaratna-nagar/order,"https://www.google.com/maps/dir/?api=1&destination=13.3569972090,74.7837930546",13.35699721,74.78379305,-1
49,Spice 'n' Ice,https://www.zomato.com/manipal/spice-n-ice-vidyaratna-nagar/order,"https://www.google.com/maps/dir/?api=1&destination=13.3569270745,74.7839469463",13.35692707,74.78394695,-1
50,Hakuna Matata,https://www.zomato.com/manipal/hakuna-matata-eshwar-nagar/order,"https://www.google.com/maps/dir/?api=1&destination=13.3553987906,74.7983430326",13.35539879,74.79834303,-1
51,Frozen Bottle,https://www.zomato.com/manipal/frozen-bottle-eshwar-nagar/order,"https://www.google.com/maps/dir/?api=1&destination=13.3528556525,74.7902162746",13.35285565,74.79021627,4.4
52,Kwality Wall's Frozen Dessert And Ice Cream Shop,https://www.zomato.com/manipal/kwality-walls-frozen-dessert-and-ice-cream-shop-1-kunjibettu-udupi/order,"https://www.google.com/maps/dir/?api=1&destination=13.3466450000,74.7628883000",13.346645,74.7628883,-1
53,Hashtag,https://www.zomato.com/manipal/hashtag-vidyaratna-nagar/order,"https://www.google.com/maps/dir/?api=1&destination=13.3553987906,74.7983430326",13.35539879,74.79834303,-1
54,Dolce Desserts,https://www.zomato.com/manipal/dolce-desserts-tiger-circle/order,"https://www.google.com/maps/dir/?api=1&destination=13.3489003098,74.7815933588",13.34890031,74.78159336,4.3
55,New Shanthi Sagar,https://www.zomato.com/manipal/new-shanthi-sagar-brahmagiri-udupi/order,"https://www.google.com/maps/dir/?api=1&destination=13.3437170000,74.7501700000",13.343717,74.75017,-1
56,Hotel Swadisht,https://www.zomato.com/manipal/hotel-swadisht-kinnimulki-udupi/order,"https://www.google.com/maps/dir/?api=1&destination=13.3444201450,74.7424880381",13.34442015,74.74248804,4.1
57,Hotel Kediyoor Gokula Krishna,https://www.zomato.com/manipal/hotel-kediyoor-gokula-krishna-kidiyoor-udupi/order,"https://www.google.com/maps/dir/?api=1&destination=13.3430940000,74.7466610000",13.343094,74.746661,4.4
58,Bamboo Chef Restaurant,https://www.zomato.com/manipal/bamboo-chef-restaurant-kinnimulki-udupi/order,"https://www.google.com/maps/dir/?api=1&destination=13.3251560000,74.7405670000",13.325156,74.740567,-1
59,Vedanth,https://www.zomato.com/manipal/vedanth-maruthi-veethika-udupi/order,"https://www.google.com/maps/dir/?api=1&destination=13.3438230000,74.7496590000",13.343823,74.749659,-1
60,Crumbz,https://www.zomato.com/manipal/crumbz-vidyaratna-nagar/order,"https://www.google.com/maps/dir/?api=1&destination=13.3509066703,74.7839141371",13.35090667,74.78391414,-1
61,CTF Udupi,https://www.zomato.com/manipal/ctf-udupi-brahmagiri-udupi/order,"https://www.google.com/maps/dir/?api=1&destination=13.3403277426,74.7481283699",13.34032774,74.74812837,4.2
62,Scoop N Bake,https://www.zomato.com/manipal/scoop-n-bake-doddanagudde-udupi/order,"https://www.google.com/maps/dir/?api=1&destination=13.3687500000,74.7473610000",13.36875,74.747361,4.4
63,FFC Shawarma,https://www.zomato.com/manipal/ffc-shawarma-maruthi-veethika-udupi/order,"https://www.google.com/maps/dir/?api=1&destination=13.3457731523,74.7556841746",13.34577315,74.75568417,4.1
64,Baskin Robbins,https://www.zomato.com/manipal/baskin-robbins-vidyaratna-nagar/order,"https://www.google.com/maps/dir/?api=1&destination=13.3481193289,74.7828693688",13.34811933,74.78286937,4.5
65,Hot Chix,https://www.zomato.com/manipal/hot-chix-vidyaratna-nagar/order,"https://www.google.com/maps/dir/?api=1&destination=13.3567868837,74.7838455243",13.35678688,74.78384552,4.1
66,Hotel Pancharatna Paradise,https://www.zomato.com/manipal/hotel-pancharatna-paradise-kinnimulki/order,"https://www.google.com/maps/dir/?api=1&destination=13.3345424000,74.7493575000",13.3345424,74.7493575,4.1
67,Sundae Everyday Ice Creams,https://www.zomato.com/manipal/sundae-everyday-ice-creams-kunjibettu-udupi/order,"https://www.google.com/maps/dir/?api=1&destination=13.3460495671,74.7640695429",13.34604957,74.76406954,4.1
68,Hotel Sri Durga Bhavana,https://www.zomato.com/manipal/hotel-sri-durga-bhavana-brahmagiri-udupi/order,"https://www.google.com/maps/dir/?api=1&destination=13.3404230000,74.7482230000",13.340423,74.748223,-1
69,Kediyoor Confectionery,https://www.zomato.com/manipal/kediyoor-confectionery-kidiyoor-udupi/order,"https://www.google.com/maps/dir/?api=1&destination=13.3431050000,74.7465860000",13.343105,74.746586,-1
70,Hotel Parota Point,https://www.zomato.com/manipal/hotel-parota-point-eshwar-nagar/order,"https://www.google.com/maps/dir/?api=1&destination=13.3448448360,74.7906380460",13.34484484,74.79063805,4.2
71,Le Shaay,https://www.zomato.com/manipal/le-shaay-vidyaratna-nagar/order,"https://www.google.com/maps/dir/?api=1&destination=13.3587650000,74.7848310000",13.358765,74.784831,-1
72,Chef Food Court,https://www.zomato.com/manipal/chef-food-court-saralebettu/order,"https://www.google.com/maps/dir/?api=1&destination=13.3561066775,74.7946484976",13.35610668,74.7946485,-1
73,Summer Park Deluxe A/C &amp; Non A/C Family Restaurant,https://www.zomato.com/manipal/summer-park-deluxe-a-c-non-a-c-family-restaurant-maruthi-veethika/order,"https://www.google.com/maps/dir/?api=1&destination=13.3441120000,74.7504840000",13.344112,74.750484,4.3
74,Barista,https://www.zomato.com/manipal/barista-eshwar-nagar/order,"https://www.google.com/maps/dir/?api=1&destination=13.3527564839,74.7899591178",13.35275648,74.78995912,-1
75,Juice Junction,https://www.zomato.com/manipal/juice-junction-tiger-circle/order,"https://www.google.com/maps/dir/?api=1&destination=13.3528521800,74.7892796100",13.35285218,74.78927961,4.2
76,Naaniz,https://www.zomato.com/manipal/naaniz-vidyaratna-nagar/order,"https://www.google.com/maps/dir/?api=1&destination=13.3619873000,74.7832522000",13.3619873,74.7832522,-1
77,Wokaholic,https://www.zomato.com/manipal/wokaholic-vidyaratna-nagar/order,"https://www.google.com/maps/dir/?api=1&destination=13.3488540000,74.7815370000",13.348854,74.781537,-1
78,Hangyo Ice Cream,https://www.zomato.com/manipal/hangyo-ice-cream-1-eshwar-nagar/order,"https://www.google.com/maps/dir/?api=1&destination=13.3526461000,74.7882572000",13.3526461,74.7882572,-1
79,Barbeque Nation,https://www.zomato.com/manipal/barbeque-nation-vidyaratna-nagar/order,"https://www.google.com/maps/dir/?api=1&destination=13.3492806649,74.7826728970",13.34928066,74.7826729,4.5
80,LA Rochelle,https://www.zomato.com/manipal/la-rochelle-vidyaratna-nagar/order,"https://www.google.com/maps/dir/?api=1&destination=13.3585802489,74.7848915994",13.35858025,74.7848916,-1
81,Scoops N Smiles,https://www.zomato.com/manipal/scoops-n-smiles-kidiyoor-udupi/order,"https://www.google.com/maps/dir/?api=1&destination=13.3437016342,74.7462967783",13.34370163,74.74629678,4.3
82,The Dessert Zone,https://www.zomato.com/manipal/the-dessert-zone-kunjibettu-udupi/order,"https://www.google.com/maps/dir/?api=1&destination=13.3458720000,74.7637350000",13.345872,74.763735,-1
83,Vaibhav,https://www.zomato.com/manipal/vaibhav-eshwar-nagar/order,"https://www.google.com/maps/dir/?api=1&destination=13.3532745088,74.7859602794",13.35327451,74.78596028,-1
84,Mumbai Carters Blue Family Restaurant,https://www.zomato.com/manipal/mumbai-carters-blue-family-restaurant-kunjibettu-udupi/order,"https://www.google.com/maps/dir/?api=1&destination=13.3457731523,74.7556841746",13.34577315,74.75568417,-1
85,Hotel Swastik,https://www.zomato.com/manipal/hotel-swastik-shivalli/order,"https://www.google.com/maps/dir/?api=1&destination=13.3392598290,74.7514052660",13.33925983,74.75140527,4.2
86,Fresh Juice World,https://www.zomato.com/manipal/fresh-juice-world-eshwar-nagar/order,"https://www.google.com/maps/dir/?api=1&destination=13.3527822000,74.7892761500",13.3527822,74.78927615,-1
87,Kouzina Kafe - The Food Court,https://www.zomato.com/manipal/kouzina-kafe-the-food-court-kunjibettu-udupi/order,"https://www.google.com/maps/dir/?api=1&destination=13.3458720000,74.7637350000",13.345872,74.763735,-1
88,Saiba,https://www.zomato.com/manipal/saiba-1-eshwar-nagar/order,"https://www.google.com/maps/dir/?api=1&destination=13.3515660000,74.7850707000",13.351566,74.7850707,4.1
89,Inox,https://www.zomato.com/manipal/inox-dasharath-nagar/order,"https://www.google.com/maps/dir/?api=1&destination=13.3492000000,74.7829000000",13.3492,74.7829,-1
90,Saim Select,https://www.zomato.com/manipal/saim-select-eshwar-nagar/order,"https://www.google.com/maps/dir/?api=1&destination=13.3542740000,74.7923570000",13.354274,74.792357,-1
91,Yo Dragon,https://www.zomato.com/manipal/yo-dragon-eshwar-nagar/order,"https://www.google.com/maps/dir/?api=1&destination=13.3530878496,74.7857259167",13.35308785,74.78572592,-1
92,Dusk Till Dawn,https://www.zomato.com/manipal/dusk-till-dawn-2-eshwar-nagar/order,"https://www.google.com/maps/dir/?api=1&destination=13.3549231306,74.7934923964",13.35492313,74.7934924,-1
93,Slurpy Shakes,https://www.zomato.com/manipal/slurpy-shakes-kunjibettu-udupi/order,"https://www.google.com/maps/dir/?api=1&destination=13.3460495671,74.7640695429",13.34604957,74.76406954,-1
94,Asian K Flavour,https://www.zomato.com/manipal/asian-k-flavour-eshwar-nagar/order,"https://www.google.com/maps/dir/?api=1&destination=13.3529088251,74.7858083993",13.35290883,74.7858084,-1
95,Shake Shack,https://www.zomato.com/manipal/shake-shack-kinnimulki-udupi/order,"https://www.google.com/maps/dir/?api=1&destination=13.3373910000,74.7392430000",13.337391,74.739243,-1
96,Big Boss,https://www.zomato.com/manipal/big-boss-eshwar-nagar/order,"https://www.google.com/maps/dir/?api=1&destination=13.3546276315,74.7958448902",13.35462763,74.79584489,4.2
97,The Book Cafe,https://www.zomato.com/manipal/the-book-cafe-kunjibettu-udupi/order,"https://www.google.com/maps/dir/?api=1&destination=13.3461252883,74.7599017397",13.34612529,74.75990174,-1
98,Five Star Chicken,https://www.zomato.com/manipal/five-star-chicken-eshwar-nagar/order,"https://www.google.com/maps/dir/?api=1&destination=13.3535260000,74.7919760000",13.353526,74.791976,-1
99,Ainn Sweet &amp; Condiments,https://www.zomato.com/manipal/ainn-sweet-condiments-kidiyoor/order,"https://www.google.com/maps/dir/?api=1&destination=13.3434950000,74.7493230000",13.343495,74.749323,-1
100,Zafran Foods,https://www.zomato.com/manipal/zafran-foods-eshwar-nagar/order,"https://www.google.com/maps/dir/?api=1&destination=13.3382340000,74.7881280000",13.338234,74.788128,-1
101,Red Kitchen Express,https://www.zomato.com/manipal/red-kitchen-express-eshwar-nagar/order,"https://www.google.com/maps/dir/?api=1&destination=13.3472253685,74.7922778280",13.34722537,74.79227783,-1
102,Shack Point By Snack Shack,https://www.zomato.com/manipal/shack-point-by-snack-shack-eshwar-nagar/order,"https://www.google.com/maps/dir/?api=1&destination=13.3521513590,74.7874549404",13.35215136,74.78745494,-1
103,Hotel Shubham,https://www.zomato.com/manipal/hotel-shubham-eshwar-nagar/order,"https://www.google.com/maps/dir/?api=1&destination=13.3548047635,74.7950828075",13.35480476,74.79508281,-1
104,Tiwari Chat,https://www.zomato.com/manipal/tiwari-chat-eshwar-nagar/order,"https://www.google.com/maps/dir/?api=1&destination=13.3459104917,74.7896127775",13.34591049,74.78961278,-1
105,Hangyo CTF,https://www.zomato.com/manipal/hangyo-ctf-eshwar-nagar/order,"https://www.google.com/maps/dir/?api=1&destination=13.3483206058,74.7878971696",13.34832061,74.78789717,4.2
106,Makazai,https://www.zomato.com/manipal/makazai-vidyaratna-nagar/order,"https://www.google.com/maps/dir/?api=1&destination=13.3484385270,74.7812147851",13.34843853,74.78121479,4.3
107,Hotel Thaamboolam,https://www.zomato.com/manipal/hotel-thaamboolam-kinnimulki/order,"https://www.google.com/maps/dir/?api=1&destination=13.3365307823,74.7497652099",13.33653078,74.74976521,-1
108,Mexican Burrito,https://www.zomato.com/manipal/mexican-burrito-vidyaratna-nagar/order,"https://www.google.com/maps/dir/?api=1&destination=13.3471381000,74.7806482000",13.3471381,74.7806482,4.2
109,Kediyoor Gazebo,https://www.zomato.com/manipal/kediyoor-gazebo-kidiyoor-udupi/order,"https://www.google.com/maps/dir/?api=1&destination=13.3430940000,74.7466610000",13.343094,74.746661,4.4
110,Dolphin Lunch Home,https://www.zomato.com/manipal/dolphin-lunch-home-maruthi-veethika/order,"https://www.google.com/maps/dir/?api=1&destination=13.3433770000,74.7484620000",13.343377,74.748462,4.1
111,Machali Restaurant,https://www.zomato.com/manipal/machali-restaurant-brahmagiri-udupi/order,"https://www.google.com/maps/dir/?api=1&destination=13.3364587217,74.7400108766",13.33645872,74.74001088,4.2
112,Sammana Hotel,https://www.zomato.com/manipal/sammana-hotel-kunjibettu-udupi/order,"https://www.google.com/maps/dir/?api=1&destination=13.3457930000,74.7647560000",13.345793,74.764756,4.1
113,Dawath Restaurant,https://www.zomato.com/manipal/dawath-restaurant-kidiyoor/order,"https://www.google.com/maps/dir/?api=1&destination=13.3429712000,74.7468781000",13.3429712,74.7468781,-1
114,The Tawa Punjab,https://www.zomato.com/manipal/the-tawa-punjab-vidyaratna-nagar/order,"https://www.google.com/maps/dir/?api=1&destination=13.3522575958,74.7843566537",13.3522576,74.78435665,-1
115,The Laughing Buddha,https://www.zomato.com/manipal/the-laughing-buddha-vidyaratna-nagar/order,"https://www.google.com/maps/dir/?api=1&destination=13.3610551869,74.7829645872",13.36105519,74.78296459,-1
116,Ruchitha Restaurant,https://www.zomato.com/manipal/ruchitha-restaurant-1-eshwar-nagar/order,"https://www.google.com/maps/dir/?api=1&destination=13.3500146524,74.7874415293",13.35001465,74.78744153,-1
117,Hotel Central Park,https://www.zomato.com/manipal/hotel-central-park-dasharath-nagar/order,"https://www.google.com/maps/dir/?api=1&destination=13.3492196000,74.7829272000",13.3492196,74.7829272,-1
118,Madhuvan Mandara Multi Cuisine Family Restaurant,https://www.zomato.com/manipal/madhuvan-mandara-multi-cuisine-family-restaurant-eshwar-nagar/order,"https://www.google.com/maps/dir/?api=1&destination=13.3508700000,74.7874530000",13.35087,74.787453,4.3
119,Fullfills,https://www.zomato.com/manipal/fullfills-shivalli/order,"https://www.google.com/maps/dir/?api=1&destination=13.3469395000,74.7841914000",13.3469395,74.7841914,-1
120,Malika - White Lotus Hotel,https://www.zomato.com/manipal/malika-white-lotus-hotel-maruthi-veethika/order,"https://www.google.com/maps/dir/?api=1&destination=13.3439466288,74.7492344677",13.34394663,74.74923447,4.1
121,The Mill,https://www.zomato.com/manipal/the-mill-eshwar-nagar/order,"https://www.google.com/maps/dir/?api=1&destination=13.3543113671,74.7920692132",13.35431137,74.79206921,-1
122,Dishes Family Restaurant,https://www.zomato.com/manipal/dishes-family-restaurant-vidyaratna-nagar/order,"https://www.google.com/maps/dir/?api=1&destination=13.3475226151,74.7831712972",13.34752262,74.7831713,-1
123,Dolphin Lunch Home,https://www.zomato.com/manipal/dolphin-lunch-home-eshwar-nagar/order,"https://www.google.com/maps/dir/?api=1&destination=13.3433770000,74.7484620000",13.343377,74.748462,4.1
124,Spicy Kitchen,https://www.zomato.com/manipal/spicy-kitchen-saralebettu/order,"https://www.google.com/maps/dir/?api=1&destination=13.3538225301,74.7921068454",13.35382253,74.79210685,-1
125,Shivanna's Military Hotel,https://www.zomato.com/manipal/shivannas-military-hotel-brahmagiri-udupi/order,"https://www.google.com/maps/dir/?api=1&destination=13.3368123001,74.7498675534",13.3368123,74.74986755,-1
126,Shivanna's Military Hotel,https://www.zomato.com/manipal/shivannas-military-hotel-vidyaratna-nagar/order,"https://www.google.com/maps/dir/?api=1&destination=13.3368123001,74.7498675534",13.3368123,74.74986755,-1
127,Masala Kraft Kitchen,https://www.zomato.com/manipal/masala-kraft-kitchen-eshwar-nagar/order,"https://www.google.com/maps/dir/?api=1&destination=13.3549083000,74.7941896000",13.3549083,74.7941896,-1
128,Fish Factory,https://www.zomato.com/manipal/fish-factory-brahmagiri/order,"https://www.google.com/maps/dir/?api=1&destination=13.3394123801,74.7478350058",13.33941238,74.74783501,-1
129,Ghar Ki Rasoi,https://www.zomato.com/manipal/ghar-ki-rasoi-tiger-circle/order,"https://www.google.com/maps/dir/?api=1&destination=13.3435050000,74.7780580000",13.343505,74.778058,-1
130,Indie Biryani &amp; Kebabs,https://www.zomato.com/manipal/indie-biryani-kebabs-eshwar-nagar/order,"https://www.google.com/maps/dir/?api=1&destination=13.3541970000,74.7957550000",13.354197,74.795755,-1
131,Hotel Chicken Zain,https://www.zomato.com/manipal/hotel-chicken-zain-eshwar-nagar/order,"https://www.google.com/maps/dir/?api=1&destination=13.3535387402,74.7911121324",13.35353874,74.79111213,-1
132,Coral,https://www.zomato.com/manipal/coral-kunjibettu/order,"https://www.google.com/maps/dir/?api=1&destination=13.3451259271,74.7562588379",13.34512593,74.75625884,4.2
133,Anupam,https://www.zomato.com/manipal/anupam-brahmagiri-udupi/order,"https://www.google.com/maps/dir/?api=1&destination=13.3361840000,74.7504700000",13.336184,74.75047,-1
134,Shetty Lunch Home,https://www.zomato.com/manipal/shetty-lunch-home-eshwar-nagar/order,"https://www.google.com/maps/dir/?api=1&destination=13.3491338671,74.7875850275",13.34913387,74.78758503,-1
135,Payohima,https://www.zomato.com/manipal/payohima-1-eshwar-nagar/order,"https://www.google.com/maps/dir/?api=1&destination=13.3510174389,74.7877533361",13.35101744,74.78775334,4.4
136,Scirocco,https://www.zomato.com/manipal/scirocco-tiger-circle/order,"https://www.google.com/maps/dir/?api=1&destination=13.3505130000,74.7869560000",13.350513,74.786956,4.2
137,Biryani Paradise,https://www.zomato.com/manipal/biryani-paradise-maruthi-veethika-udupi/order,"https://www.google.com/maps/dir/?api=1&destination=13.3433398507,74.7483107820",13.34333985,74.74831078,-1
138,Biryani Box BOXD,https://www.zomato.com/manipal/biryani-box-boxd-vidyaratna-nagar/order,"https://www.google.com/maps/dir/?api=1&destination=13.3460130000,74.7851200000",13.346013,74.78512,-1
139,Hotel Lake View,https://www.zomato.com/manipal/hotel-lake-view-dasharath-nagar/order,"https://www.google.com/maps/dir/?api=1&destination=13.3427131713,74.7900191322",13.34271317,74.79001913,-1
140,Hotel Sammana Veg &amp; Non Veg,https://www.zomato.com/manipal/hotel-sammana-veg-non-veg-kunjibettu-udupi/order,"https://www.google.com/maps/dir/?api=1&destination=13.3457810000,74.7647810000",13.345781,74.764781,4.1
141,Sagar Ratna,https://www.zomato.com/manipal/sagar-ratna-kunjibettu/order,"https://www.google.com/maps/dir/?api=1&destination=13.3451269058,74.7562900186",13.34512691,74.75629002,-1
142,Jaafna Waffles and Pancakes,https://www.zomato.com/manipal/jaafna-waffles-and-pancakes-vidyaratna-nagar/order,"https://www.google.com/maps/dir/?api=1&destination=13.3471381000,74.7806482000",13.3471381,74.7806482,-1
143,Malabar Express,https://www.zomato.com/manipal/malabar-express-vidyaratna-nagar/order,"https://www.google.com/maps/dir/?api=1&destination=13.3516887881,74.7839730978",13.35168879,74.7839731,-1
144,Supper Cloud,https://www.zomato.com/manipal/supper-cloud-eshwar-nagar/order,"https://www.google.com/maps/dir/?api=1&destination=13.3542290000,74.7957130000",13.354229,74.795713,-1
145,Hotel Pingara,https://www.zomato.com/manipal/hotel-pingara-dasharath-nagar/order,"https://www.google.com/maps/dir/?api=1&destination=13.3440380000,74.7904720000",13.344038,74.790472,-1
146,Time Cafe Restaurant,https://www.zomato.com/manipal/time-cafe-restaurant-1-eshwar-nagar/order,"https://www.google.com/maps/dir/?api=1&destination=13.3473110000,74.7932150000",13.347311,74.793215,-1
147,Kolkata To Manipal,https://www.zomato.com/manipal/kolkata-to-manipal-saralebettu/order,"https://www.google.com/maps/dir/?api=1&destination=13.3566340000,74.7945917000",13.356634,74.7945917,-1
148,Santrupt Military Hotel,https://www.zomato.com/manipal/santrupt-military-hotel-kunjibettu-udupi/order,"https://www.google.com/maps/dir/?api=1&destination=13.3460896677,74.7591628037",13.34608967,74.7591628,-1
149,Leo's Pub,https://www.zomato.com/manipal/leos-pub-maruthi-veethika-udupi/order,"https://www.google.com/maps/dir/?api=1&destination=13.3398479109,74.7491328791",13.33984791,74.74913288,-1
150,Coast Asia,https://www.zomato.com/manipal/coast-asia-eshwar-nagar/order,"https://www.google.com/maps/dir/?api=1&destination=13.3528734000,74.7857260000",13.3528734,74.785726,-1
151,Saiba Restaurant,https://www.zomato.com/manipal/saiba-restaurant-eshwar-nagar/order,"https://www.google.com/maps/dir/?api=1&destination=13.3526720000,74.7881500000",13.352672,74.78815,4.1
152,Pisces Multicuisine Deluxe Family Restaurant,https://www.zomato.com/manipal/pisces-multicuisine-deluxe-family-restaurant-maruthi-veethika/order,"https://www.google.com/maps/dir/?api=1&destination=13.3400730000,74.7490970000",13.340073,74.749097,4.2
153,Pind Punjabi,https://www.zomato.com/manipal/pind-punjabi-tiger-circle/order,"https://www.google.com/maps/dir/?api=1&destination=13.3524370000,74.7891110000",13.352437,74.789111,-1
154,Swadesh Heritage A/C Restaurant &amp; Bar,https://www.zomato.com/manipal/swadesh-heritage-a-c-restaurant-bar-maruthi-veethika/order,"https://www.google.com/maps/dir/?api=1&destination=13.3396350000,74.7496720000",13.339635,74.749672,4.1
155,Swadesh Heritage,https://www.zomato.com/manipal/swadesh-heritage-maruthi-veethika/order,"https://www.google.com/maps/dir/?api=1&destination=13.3396348826,74.7496706620",13.33963488,74.74967066,4.2
156,Hotel Udupi Residency,https://www.zomato.com/manipal/hotel-udupi-residency-nittur-udupi/order,"https://www.google.com/maps/dir/?api=1&destination=13.3422050000,74.7483400000",13.342205,74.74834,4.1
157,Scirocco Coffee Valley,https://www.zomato.com/manipal/scirocco-coffee-valley-eshwar-nagar/order,"https://www.google.com/maps/dir/?api=1&destination=13.3509640000,74.7873530000",13.350964,74.787353,-1
158,Knight Bite,https://www.zomato.com/manipal/knight-bite-vidyaratna-nagar/order,"https://www.google.com/maps/dir/?api=1&destination=13.3516529046,74.7838483750",13.3516529,74.78384838,4.2
159,Hotte Tumba Fish Court,https://www.zomato.com/manipal/hotte-tumba-fish-court-kinnimulki-udupi/order,"https://www.google.com/maps/dir/?api=1&destination=13.3343180000,74.7476230000",13.334318,74.747623,4.1
160,Golden Spoon Restaurant,https://www.zomato.com/manipal/golden-spoon-restaurant-eshwar-nagar/order,"https://www.google.com/maps/dir/?api=1&destination=13.3540495804,74.7946858537",13.35404958,74.79468585,-1
161,Pisces Lounge &amp; Bar,https://www.zomato.com/manipal/pisces-lounge-bar-maruthi-veethika/order,"https://www.google.com/maps/dir/?api=1&destination=13.3400730000,74.7490970000",13.340073,74.749097,-1
162,Dakshin,https://www.zomato.com/manipal/dakshin-maruthi-veethika-udupi/order,"https://www.google.com/maps/dir/?api=1&destination=13.3395627857,74.7490517423",13.33956279,74.74905174,-1
163,Viraasat The Heritage Fine Dine,https://www.zomato.com/manipal/viraasat-the-heritage-fine-dine-pandubettu-udupi/order,"https://www.google.com/maps/dir/?api=1&destination=13.3505625000,74.7366117000",13.3505625,74.7366117,-1
164,Heafoo Restaurant,https://www.zomato.com/manipal/heafoo-restaurant-brahmagiri-udupi/order,"https://www.google.com/maps/dir/?api=1&destination=13.3345784747,74.7431653791",13.33457847,74.74316538,-1
165,Shivanna Donne Biryani,https://www.zomato.com/manipal/shivanna-donne-biryani-vidyaratna-nagar/order,"https://www.google.com/maps/dir/?api=1&destination=13.3582595697,74.7846536606",13.35825957,74.78465366,-1
166,Food Hut,https://www.zomato.com/manipal/food-hut-brahmagiri-udupi/order,"https://www.google.com/maps/dir/?api=1&destination=13.3435190614,74.7447583882",13.34351906,74.74475839,-1
167,K P Foods and Snacks,https://www.zomato.com/manipal/k-p-foods-and-snacks-eshwar-nagar/order,"https://www.google.com/maps/dir/?api=1&destination=13.3560437000,74.7946473000",13.3560437,74.7946473,-1
